{
  "project_info": {
    "project_number": "17067600708",
    "project_id": "b07finalproject-9383d",
    "storage_bucket": "b07finalproject-9383d.firebasestorage.app"
  },
  "client": [
    {
      "client_info": {
        "mobilesdk_app_id": "1:17067600708:android:2d54aef96793bc87df8511",
        "android_client_info": {
          "package_name": "com.B07Planetze"
        }
      },
      "oauth_client": [],
      "api_key": [
        {
          "current_key": "AIzaSyAtHyjr0VbRPl3PwgKej82r28YaMWRD1R0"
        }
      ],
      "services": {
        "appinvite_service": {
          "other_platform_oauth_client": []
        }
      }
    }
  ],
  "configuration_version": "1"
}